{
  "metrics": {
    "normal": {
      "turnover_cpr_at_minus200": 0.08766186561076195,
      "cpr_at_0": 0.09891260616049957,
      "cpr_at_plus150": 0.13248547531154742,
      "refi_elasticity_pts_per_100bps": 2.238191276736523,
      "n_train_rows": 279593
    },
    "refi_wave": {
      "turnover_cpr_at_minus200": 0.20439138298430226,
      "cpr_at_0": 0.23908531875411687,
      "cpr_at_plus150": 0.35120015156610374,
      "refi_elasticity_pts_per_100bps": 7.474322187465791,
      "n_train_rows": 561976
    },
    "lockin": {
      "turnover_cpr_at_minus200": 0.08945820207303767,
      "cpr_at_0": 0.11698511126040712,
      "cpr_at_plus150": 0.3053698490969844,
      "refi_elasticity_pts_per_100bps": 12.558982522438484,
      "n_train_rows": 1467076
    }
  },
  "shap_mean_abs": {
    "normal": {
      "incentive_bps": 0.12070817769879805,
      "sato_bps": 0.1381511720491447,
      "burnout_bps": 0.7709257625020817,
      "mtm_ltv": 0.11270431321965071,
      "loan_age": 0.44180768226511913,
      "orig_upb_log": 0.2193349323523967,
      "cscore_b": 0.0841815512090831,
      "dti": 0.03436315072901373,
      "oltv": 0.0935669704590338,
      "month_of_year": 0.03133542250113295,
      "pmms30": 0.48517884984299103,
      "channel": 0.027869415989014604,
      "purpose": 0.030029768601680315,
      "prop": 0.03964950000583096,
      "occ_stat": 0.040641025133092076,
      "state": 0.22303036597809445,
      "num_bo_capped": 0.024472632409236986,
      "first_flag": 0.2146060659699211,
      "dlq_bucket": 0.019167603249287946,
      "mod_flag": 0.0
    },
    "refi_wave": {
      "incentive_bps": 0.6681224185068186,
      "sato_bps": 0.07026970812729512,
      "burnout_bps": 0.24052346722941928,
      "mtm_ltv": 0.13145775202447044,
      "loan_age": 0.3385434260284981,
      "orig_upb_log": 0.24875150409651187,
      "cscore_b": 0.06716220074646383,
      "dti": 0.031864605833388626,
      "oltv": 0.0933020525104893,
      "month_of_year": 0.10239148546629112,
      "pmms30": 0.04685854109736808,
      "channel": 0.025236020270952973,
      "purpose": 0.10783843767009357,
      "prop": 0.05044214652654471,
      "occ_stat": 0.04825533508770602,
      "state": 0.20793954689458938,
      "num_bo_capped": 0.023328190564329512,
      "first_flag": 0.05519365718730206,
      "dlq_bucket": 0.022980046225559176,
      "mod_flag": 0.005688971722941512
    },
    "lockin": {
      "incentive_bps": 0.19685239233666632,
      "sato_bps": 0.03666253702892015,
      "burnout_bps": 0.13171295050072818,
      "mtm_ltv": 0.18651758665299056,
      "loan_age": 0.0994904938708185,
      "orig_upb_log": 0.05578601883441786,
      "cscore_b": 0.026102355216176452,
      "dti": 0.016248707505029405,
      "oltv": 0.07585545816197295,
      "month_of_year": 0.10953636735832915,
      "pmms30": 0.035383708022121194,
      "channel": 0.03218621562794697,
      "purpose": 0.022024918165753794,
      "prop": 0.0659114849116894,
      "occ_stat": 0.015025429468419584,
      "state": 0.10666449978701337,
      "num_bo_capped": 0.004090376892804902,
      "first_flag": 0.07813944160395847,
      "dlq_bucket": 0.043627431149893106,
      "mod_flag": 0.008780455033285903
    }
  }
}